<?xml version="1.0" encoding="UTF-8"?>
<studentlist>
 <student>
    <studentname>sample student</studentname>
    <studentid>12-21211-2</studentid>
    <CGPA>3.86  </CGPA>
    <courses>
		 <courses Number='1'>
			<coursename> web tech</coursename>
			<section> section: B </section>
			<grade> A+</grade>
	</courses>
	
	<courses>
		<courses Number='2'>
			<coursename> computer graphics</coursename>
			<section> section: B </section>
			<grade> A</grade>
	</courses>
	
	<studentname>sample student 2 </studentname>
    <studentid>12-21211-2</studentid>
    <CGPA>3.80 </CGPA>
    <courses>
		<courses Number='1'>
			<coursename> web tech</coursename>
			<section> section: B </section>
			<grade> A+</grade>
	</courses>
	</br>
	
	<courses>
		<courses Number='2'>
			<coursename> computer graphics</coursename>
			<section> section: B </section>
			<grade> A</grade>
	</courses>
	
 </student>	
		
  

    
</studentlist>
